day,value
Monday,62.71770
Tuesday,65.03848
Wednesday,61.02114
Thursday,61.32509
Friday,63.41076
Saturday,62.11619
Sunday,66.87013